{"height": -0.00022222222222222226, "threshold": 0.0004861111111111111, "prominence": -0.00029166666666666664, "kernel": [-1.3806068078732772, -1.3864690890367983, -1.3924124588797333, -1.3989290131722676, -1.4064596924550223, -1.4152879878334954, -1.4254654036188068, -1.4367630200791188, -1.4486498955940788, -1.4603230837791847, -1.4708087457654502, -1.4791281313476405, -1.484502615742495, -1.4865542488304289, -1.4854453968748722, -1.481908323041128, -1.4771384627453288, -1.4725579615866273, -1.469502157861786, -1.4689228639685041, -1.471206793963547, -1.4761648006932577, -1.4831742469003675, -1.4913937740017538, -1.499958132433783, -1.5080981399138464, -1.5151825375064905, -1.520718146294322, -1.5243558486004742, -1.525926483724007, -1.5254916548864856, -1.52337125033001, -1.5201167624985648, -1.5164238047814589, -1.5129966753992807, -1.5103881997825261, -1.5088488625800447, -1.5082326106698456, -1.508009161932635, -1.5073999905165962, -1.5055879822876517, -1.5019093574333828, -1.4959742983997348, -1.4877252471184195, -1.4774380531516336, -1.4656313407764345, -1.452876229516382, -1.439585152212811, -1.4258924242412179, -1.4116743321772938, -1.3966697514624864, -1.3806334802210478, -1.3634736190049859, -1.3453379204346254, -1.3266116807175323, -1.3078053497987767, -1.289354478348992, -1.271399080344238, -1.2536299884487287, -1.2352806775939387, -1.215297384320364, -1.1926406434560686, -1.1665999621989656, -1.1369984174045593, -1.1042268576815828, -1.0691183093700205, -1.0327099417509211, -0.9959513381131683, -0.9594256574967359, -0.9231611218279092, -0.8866084142431995, -0.8488126347635748, -0.8087107549890045, -0.765401905024738, -0.7182592108637118, -0.6668794888469015, -0.6109838489059466, -0.5503823013689311, -0.48502171136362227, -0.41505301774455006, -0.34084915680412853, -0.2629639948623024, -0.18207029554666046, -0.09889686850791743, -0.014139735450379082, 0.0716694375062328, 0.1582946907141292, 0.24585763165362953, 0.3348035904640915, 0.4258017162941728, 0.5196206478208173, 0.6170014322205407, 0.7185362201583431, 0.8245635373307496, 0.935103672506305, 1.04987590900053, 1.1684308287947622, 1.2903699004261446, 1.4155532922399796, 1.5441880900097535, 1.6767588822775013, 1.8138560486390278, 1.9560046881165425, 2.103565100240518, 2.2566879480787825, 2.415248246855976, 2.5787221894133294, 2.7460661392104004, 2.91569797540722, 3.0856221484581323, 3.2536457011099817, 3.417605494870342, 3.5755770699600515, 3.726071367901382, 3.8681966461836916, 4.001718060637881, 4.126960894801185, 4.244592123005509, 4.355399119208861, 4.460157643326938, 4.559560667906645, 4.654120259473161, 4.744033191245697, 4.829094609053131, 4.908733085916235, 4.982160552270921, 5.048564924696109, 5.107255601855385, 5.157701536039041, 5.199460436868468, 5.232056184535051, 5.254891394415699, 5.2672656971257314, 5.268509606770184, 5.258172340130018, 5.236166597520139, 5.202796351908544, 5.158658049528631, 5.104469630677421, 5.0409144380845, 4.968583843449966, 4.888061448880819, 4.800109119833364, 4.705827795251137, 4.606656864264054, 4.504177678129951, 4.399816923959205, 4.294597557623668, 4.1890396829529895, 4.0832195219101, 3.9769106876022837, 3.8697159255110085, 3.7611564434795923, 3.650747951811338, 3.538094662325021, 3.4229909479120453, 3.3054876550968295, 3.185887622502682, 3.0646809717690253, 2.9424764904480787, 2.819974749207059, 2.6979639187783344, 2.577278304483656, 2.458689088005614, 2.342757925749277, 2.2297192008565494, 2.119442138525147, 2.0114759821122163, 1.9051472090834032, 1.7996874103396363, 1.694393385161618, 1.5888082659261968, 1.4828714342724263, 1.3769697623731814, 1.271862303774209, 1.1685151932746116, 1.067916390737364, 0.9709214955497476, 0.8781500140846512, 0.7899394512774212, 0.7063590408751901, 0.6272683420956731, 0.5523921384098868, 0.4813858343229689, 0.41387170332725276, 0.3494291377735673, 0.2875412133005602, 0.22753582690038937, 0.16857611966184619, 0.10973527402569688, 0.050159240673676664, -0.010711987139818108, -0.07293930414994171, -0.13599939144354883, -0.1988843917793869, -0.26035719818720493, -0.3192573222214704, -0.37474531581528825, -0.42642625771776577, -0.4743565932616816, -0.5189722125773113, -0.5609764425595031, -0.6012093230717228, -0.6404939632962422, -0.6794482933734091, -0.7182886506906286, -0.7567041861538205, -0.7938800705878395, -0.8286843230852167, -0.8599645791963236, -0.8868651430997105, -0.9090719946027302, -0.9269231306180538, -0.9413708802305245, -0.9538206419151544, -0.9658858837869504, -0.9791076186704064, -0.9946920972230974, -1.0133137871194635, -1.0350154145553154, -1.0592190620095905, -1.0848418214683826, -1.1104981979696231, -1.1347709910846144, -1.156516213340625, -1.1751314905911605, -1.1906978066980145, -1.2039296173370624, -1.215935636838891, -1.22787678410873, -1.2406555888099169, -1.2547378987426172, -1.2701259719987659, -1.2864458936455927, -1.3031021095476114, -1.3194604404035564, -1.3350216005880176, -1.3495337717621574, -1.3629965404548843, -1.375561043491139, -1.387396187182871, -1.398602723992494, -1.4092104904963798, -1.4192346366922646, -1.428732368969036, -1.4378096121214363, -1.4465692996849986, -1.4550316011784756, -1.4630625342788663, -1.470340799300934, -1.4763905205729253, -1.480683463406616, -1.4827685987779995, -1.4823700962888176, -1.479426057097397, -1.4740830927714221]}