{"height": 2.8373727995491915, "threshold": -7.154745866076704, "prominence": 5.4431189034361385}