{"height": -1.2670783528060015, "threshold": -4.779679245196259, "prominence": -1.2910372018520166, "kernel": [-1.0682667071144791, -1.0504599360618498, -1.030752529231303, -1.009012197150569, -0.9850981392568324, -0.9589092006461624, -0.930423147779614, -0.899707368597377, -0.8668973576413235, -0.8321508489277727, -0.7955909747875447, -0.7572551102620313, -0.7170687001250038, -0.6748586453058326, -0.6304003521204087, -0.5834675616186413, -0.5338520836072036, -0.4813483743930748, -0.42572774591036405, -0.3667292818909556, -0.3040726743889342, -0.2374824175038075, -0.1667185321816358, -0.09161645718268961, -0.012129108081898203, 0.07164842227015977, 0.1594866013470075, 0.2510614135134112, 0.34601579469412835, 0.44402641472392135, 0.5448548585691052, 0.6483659697907145, 0.7545135912216394, 0.863310735389796, 0.9748011307948301, 1.0890354036222092, 1.206045988795894, 1.3258206156981533, 1.4482830569597236, 1.573286352153593, 1.700612364540147, 1.8299662458670196, 1.960960527693582, 2.0930984745392642, 2.225779587123574, 2.358343577830436, 2.490139841973125, 2.6205855703217726, 2.749183070413179, 2.875494655692853, 2.9990939389319538, 3.1195160345294157, 3.236224859883473, 3.3486097853948498, 3.456012497289002, 3.557768004183409, 3.6532363370439485, 3.7418157737953477, 3.8229495506437243, 3.8961411090990348, 3.9609768249827924, 4.017141707155333, 4.064418620849947, 4.102675398940002, 4.131846398065303, 4.151907933570683, 4.162851340638522, 4.164670396600522, 4.15737611353534, 4.141032121617605, 4.115794736720584, 4.0819501510931016, 4.039949605942919, 3.9904388471567236, 3.934261114747521, 3.87239980749002, 3.8058448150711275, 3.7354163865309777, 3.661622656808179, 3.584624826461804, 3.504336209079037, 3.420612626363588, 3.3334437685857212, 3.2430656040040726, 3.149970020926636, 3.054836738802706, 2.9584280449619467, 2.8614823086795766, 2.76463079431029, 2.6683488957044994, 2.5729440421916614, 2.47857877678782, 2.385318996968259, 2.2931819824574187, 2.202155177662991, 2.112179245044011, 2.0231215642957996, 1.9347792353734015, 1.8469306012714004, 1.759414973151968, 1.672194568474016, 1.5853645247199089, 1.4991138886309447, 1.413669661479397, 1.3292586412083978, 1.2461024432869954, 1.1644365420520446, 1.0845298647501493, 1.0066813227512648, 0.9311813128888228, 0.8582469840623693, 0.7879594352256052, 0.7202341039372061, 0.6548408345474026, 0.5914691582349657, 0.5298167100352476, 0.46966857488733194, 0.41093776068401927, 0.35365531459188865, 0.2979245959772596, 0.24387002936751223, 0.1916046481298406, 0.14121736210321253, 0.09275956102529816, 0.046213880484123775, 0.001455793325250776, -0.04175841293526172, -0.08375204299692572]}