{"height": 0.0, "threshold": 0.0, "prominence": 0.0, "wavelet_arr": [0.7727592439992392, -0.993368837896, -0.2914083952203792, 0.1620525153978558, 0.24488039708301212, 1.1398130907342385, 0.6459182077107815, 2.979696479748018, -0.6953111525744917, 0.5433620686832576, -0.3359883648990668, -0.5993856910561848, -0.39694385312582947, 0.898446562639406, 0.06260163748493733, 0.1699126827460305, 2.589213034274736, 0.44216277053576714, 1.0242084271333016, -0.06423169168418746, -0.7911300744252953, 0.3639214016231845]}