{"height": 3.141560594320625, "threshold": -32.746095264969796, "prominence": 4.07259690925168}